2023-01-23 14:00:18.047,0.10,0.00,0.24
2023-01-23 14:03:39.036,1.70,1.25,0.24
2023-01-23 14:03:39.445,1.70,1.28,0.25
2023-01-23 14:03:39.853,1.70,1.39,0.26
2023-01-23 14:03:40.247,1.70,1.30,0.27
2023-01-23 14:03:40.653,1.70,1.28,0.27
2023-01-23 14:03:41.062,1.70,1.39,0.28
2023-01-23 14:03:41.453,1.70,1.33,0.29
2023-01-23 14:03:41.860,1.70,1.56,0.30
2023-01-23 14:03:42.269,1.70,1.38,0.31
2023-01-23 14:03:42.661,1.70,1.46,0.31
2023-01-23 14:03:43.071,1.70,1.41,0.32
2023-01-23 14:03:43.476,1.70,1.42,0.33
2023-01-23 14:03:43.868,1.70,1.50,0.34
2023-01-23 14:03:44.274,1.70,1.57,0.35
2023-01-23 14:03:44.682,1.70,1.53,0.35
2023-01-23 14:03:45.075,1.70,1.60,0.36
2023-01-23 14:03:45.482,1.70,1.64,0.36
2023-01-23 14:03:45.890,1.70,1.55,0.37
2023-01-23 14:03:46.284,1.70,1.53,0.38
2023-01-23 14:03:46.692,1.70,1.55,0.38
2023-01-23 14:03:47.099,1.70,1.46,0.39
2023-01-23 14:03:47.491,1.70,1.60,0.40
2023-01-23 14:03:47.899,1.70,1.70,0.40
2023-01-23 14:03:48.291,1.70,1.62,0.40
2023-01-23 14:03:48.698,1.70,1.63,0.40
2023-01-23 14:03:49.107,1.70,1.52,0.41
2023-01-23 14:03:49.499,1.70,1.59,0.42
2023-01-23 14:03:49.907,1.70,1.68,0.42
2023-01-23 14:03:50.315,1.70,1.60,0.42
2023-01-23 14:03:50.708,1.70,1.61,0.43
2023-01-23 14:03:51.116,1.70,1.77,0.43
2023-01-23 14:03:51.523,1.70,1.70,0.43
2023-01-23 14:03:51.918,1.70,1.57,0.44
2023-01-23 14:03:52.324,1.70,1.64,0.44
2023-01-23 14:03:52.732,1.70,1.58,0.45
2023-01-23 14:03:53.124,1.70,1.61,0.45
2023-01-23 14:03:53.532,1.70,1.70,0.45
2023-01-23 14:03:53.939,1.70,1.73,0.45
2023-01-23 14:03:54.332,1.70,1.68,0.45
2023-01-23 14:03:54.740,1.70,1.55,0.46
2023-01-23 14:03:55.134,1.70,1.64,0.46
2023-01-23 14:03:55.542,1.70,1.59,0.47
2023-01-23 14:03:55.950,1.70,1.57,0.48
2023-01-23 14:03:56.340,1.70,1.69,0.48
2023-01-23 14:03:56.746,1.70,1.60,0.49
2023-01-23 14:03:57.154,1.70,1.79,0.48
2023-01-23 14:03:57.547,1.70,1.79,0.47
2023-01-23 14:03:57.956,1.70,1.60,0.48
2023-01-23 14:03:58.365,1.70,1.56,0.49
2023-01-23 14:03:58.758,1.70,1.61,0.49
2023-01-23 14:03:59.168,1.70,1.55,0.50
2023-01-23 14:03:59.573,1.70,1.69,0.50
2023-01-23 14:03:59.965,1.70,1.72,0.50
2023-01-23 14:04:00.372,1.70,1.78,0.50
2023-01-23 14:04:00.781,1.70,1.68,0.50
2023-01-23 14:04:01.175,1.70,1.79,0.49
2023-01-23 14:04:01.582,1.70,1.57,0.50
2023-01-23 14:04:01.973,1.70,1.68,0.50
2023-01-23 14:04:02.381,1.70,1.69,0.50
2023-01-23 14:04:02.792,1.70,1.62,0.51
2023-01-23 14:04:03.189,1.70,1.84,0.50
2023-01-23 14:04:03.583,1.70,1.61,0.51
2023-01-23 14:04:03.990,1.70,1.63,0.51
2023-01-23 14:04:04.399,1.70,1.63,0.51
2023-01-23 14:04:04.792,1.70,1.64,0.51
2023-01-23 14:04:05.198,1.70,1.61,0.52
2023-01-23 14:04:05.607,1.70,1.68,0.52
2023-01-23 14:04:06.000,1.70,1.58,0.53
2023-01-23 14:04:06.408,1.70,1.70,0.53
2023-01-23 14:04:06.816,1.70,1.71,0.53
2023-01-23 14:04:07.209,1.70,1.65,0.53
2023-01-23 14:04:07.617,1.70,1.61,0.53
2023-01-23 14:04:08.024,1.70,1.69,0.53
2023-01-23 14:04:08.416,1.70,1.66,0.53
2023-01-23 14:04:08.824,1.70,1.67,0.53
2023-01-23 14:04:09.231,1.70,1.77,0.53
2023-01-23 14:04:09.622,1.70,1.69,0.53
2023-01-23 14:04:10.032,1.70,1.59,0.54
2023-01-23 14:04:10.439,1.70,1.67,0.54
2023-01-23 14:04:10.830,1.70,1.76,0.54
2023-01-23 14:04:11.237,1.70,1.50,0.55
2023-01-23 14:04:11.645,1.70,1.65,0.55
2023-01-23 14:04:12.038,1.70,1.64,0.55
2023-01-23 14:04:12.443,1.70,1.65,0.55
2023-01-23 14:04:12.853,1.70,1.69,0.55
2023-01-23 14:04:13.246,1.70,1.69,0.55
2023-01-23 14:04:13.653,1.70,1.66,0.55
2023-01-23 14:04:14.059,1.70,1.56,0.56
2023-01-23 14:04:14.451,1.70,1.66,0.56
2023-01-23 14:04:14.858,1.70,1.61,0.56
2023-01-23 14:04:15.265,1.70,1.59,0.57
2023-01-23 14:04:15.658,1.70,1.72,0.57
2023-01-23 14:04:16.064,1.70,1.76,0.57
2023-01-23 14:04:16.473,1.70,1.67,0.57
2023-01-23 14:04:16.865,1.70,1.63,0.57
2023-01-23 14:04:17.273,1.70,1.57,0.58
2023-01-23 14:04:17.681,1.70,1.70,0.58
2023-01-23 14:04:18.073,1.70,1.60,0.59
2023-01-23 14:04:18.480,1.70,1.68,0.59
2023-01-23 14:04:18.887,1.70,1.80,0.58
2023-01-23 14:04:19.279,1.70,1.70,0.58
2023-01-23 14:04:19.687,1.70,1.58,0.59
2023-01-23 14:04:20.095,1.70,1.84,0.58
2023-01-23 14:04:20.487,1.70,1.72,0.58
2023-01-23 14:04:20.894,1.70,1.65,0.58
2023-01-23 14:04:21.301,1.70,1.65,0.58
2023-01-23 14:04:21.694,1.70,1.61,0.59
2023-01-23 14:04:22.101,1.70,1.79,0.58
2023-01-23 14:04:22.509,1.70,1.62,0.58
2023-01-23 14:04:22.900,1.70,1.78,0.58
2023-01-23 14:04:23.316,1.70,1.56,0.59
2023-01-23 14:04:23.714,1.70,1.66,0.59
2023-01-23 14:04:24.121,1.70,1.64,0.59
2023-01-23 14:04:24.514,1.70,1.72,0.59
2023-01-23 14:04:24.923,1.70,1.61,0.60
2023-01-23 14:04:25.315,1.70,1.84,0.59
2023-01-23 14:04:25.724,1.70,1.67,0.59
2023-01-23 14:04:26.132,1.70,1.67,0.59
2023-01-23 14:04:26.523,1.70,1.57,0.60
2023-01-23 14:04:26.931,1.70,1.61,0.60
2023-01-23 14:04:27.338,1.70,1.71,0.60
2023-01-23 14:04:27.729,1.70,1.69,0.60
2023-01-23 14:04:28.135,1.70,1.72,0.60
2023-01-23 14:04:28.545,1.70,1.70,0.60
2023-01-23 14:04:28.935,1.70,1.75,0.60
2023-01-23 14:04:29.342,1.70,1.67,0.60
2023-01-23 14:04:29.749,1.70,1.55,0.61
2023-01-23 14:04:30.157,1.70,1.56,0.62
2023-01-23 14:04:30.549,1.70,1.70,0.62
2023-01-23 14:04:30.956,1.70,1.81,0.61
2023-01-23 14:04:31.363,1.70,1.83,0.60
2023-01-23 14:04:31.756,1.70,1.70,0.60
2023-01-23 14:04:32.163,1.70,1.66,0.60
2023-01-23 14:04:32.571,1.70,1.68,0.60
2023-01-23 14:04:32.963,1.70,1.72,0.60
2023-01-23 14:04:33.371,1.70,1.69,0.60
2023-01-23 14:04:33.777,1.70,1.65,0.60
2023-01-23 14:04:34.170,1.70,1.68,0.60
2023-01-23 14:04:34.578,1.70,1.82,0.60
2023-01-23 14:04:34.986,1.70,1.68,0.60
2023-01-23 14:04:35.378,1.70,1.74,0.60
2023-01-23 14:04:35.787,1.70,1.65,0.60
2023-01-23 14:04:36.193,1.70,1.61,0.60
2023-01-23 14:04:36.585,1.70,1.64,0.60
2023-01-23 14:04:36.992,1.70,1.53,0.61
2023-01-23 14:04:37.400,1.70,1.92,0.60
2023-01-23 14:04:37.791,1.70,1.78,0.60
2023-01-23 14:04:38.198,1.70,1.57,0.60
2023-01-23 14:04:38.605,1.70,1.76,0.60
2023-01-23 14:04:38.997,1.70,1.68,0.60
2023-01-23 14:04:39.407,1.70,1.72,0.60
2023-01-23 14:04:39.814,1.70,1.55,0.61
2023-01-23 14:04:40.205,1.70,1.85,0.60
2023-01-23 14:04:40.614,1.70,1.74,0.60
2023-01-23 14:04:41.019,1.70,1.73,0.60
2023-01-23 14:04:41.412,1.70,1.78,0.60
2023-01-23 14:04:41.819,1.70,1.52,0.61
2023-01-23 14:04:42.227,1.70,1.73,0.61
2023-01-23 14:04:42.620,1.70,1.78,0.61
2023-01-23 14:04:43.025,1.70,1.66,0.61
2023-01-23 14:04:43.432,1.70,1.59,0.62
2023-01-23 14:04:43.839,1.70,1.82,0.61
2023-01-23 14:04:44.231,1.70,1.75,0.61
2023-01-23 14:04:44.641,1.70,1.83,0.60
2023-01-23 14:04:45.034,1.70,1.50,0.61
2023-01-23 14:04:45.442,1.70,1.55,0.62
2023-01-23 14:04:45.848,1.70,1.68,0.62
2023-01-23 14:04:46.240,1.70,1.73,0.62
2023-01-23 14:04:46.648,1.70,1.80,0.61
2023-01-23 14:04:47.055,1.70,1.69,0.61
2023-01-23 14:04:47.449,1.70,1.60,0.62
2023-01-23 14:04:47.856,1.70,1.68,0.62
2023-01-23 14:04:48.263,1.70,1.60,0.63
2023-01-23 14:04:48.655,1.70,1.73,0.63
2023-01-23 14:04:49.062,1.70,1.59,0.64
2023-01-23 14:04:49.470,1.70,1.69,0.64
2023-01-23 14:04:49.863,1.70,1.83,0.63
2023-01-23 14:04:50.272,1.70,1.78,0.62
2023-01-23 14:04:50.679,1.70,1.69,0.62
2023-01-23 14:04:51.077,1.70,1.55,0.63
2023-01-23 14:04:51.478,1.70,1.65,0.63
2023-01-23 14:04:51.886,1.70,1.53,0.64
2023-01-23 14:04:52.278,1.70,1.62,0.64
2023-01-23 14:04:52.685,1.70,1.81,0.64
2023-01-23 14:04:53.091,1.70,1.70,0.64
2023-01-23 14:04:53.497,1.70,1.69,0.64
2023-01-23 14:04:53.888,1.70,1.90,0.63
2023-01-23 14:04:54.295,1.70,1.67,0.63
2023-01-23 14:04:54.703,1.70,1.58,0.64
2023-01-23 14:04:55.096,1.70,1.65,0.64
2023-01-23 14:04:55.505,1.70,1.73,0.64
2023-01-23 14:04:55.911,1.70,1.68,0.64
2023-01-23 14:04:56.303,1.70,1.69,0.64
2023-01-23 14:04:56.710,1.70,1.83,0.63
2023-01-23 14:04:57.119,1.70,1.69,0.63
2023-01-23 14:04:57.510,1.70,1.61,0.64
2023-01-23 14:04:57.920,1.70,1.83,0.63
2023-01-23 14:04:58.326,1.70,1.72,0.63
2023-01-23 14:04:58.717,1.70,1.59,0.64
2023-01-23 14:04:59.125,1.70,1.63,0.64
2023-01-23 14:04:59.532,1.70,1.82,0.63
2023-01-23 14:04:59.925,1.70,1.68,0.63
2023-01-23 14:05:00.331,1.70,1.65,0.63
2023-01-23 14:05:00.740,1.70,1.53,0.64
2023-01-23 14:05:01.130,1.70,1.74,0.64
2023-01-23 14:05:01.537,1.70,1.72,0.64
2023-01-23 14:05:01.946,1.70,1.55,0.64
2023-01-23 14:05:02.338,1.70,1.84,0.64
2023-01-23 14:05:02.744,1.70,1.82,0.63
2023-01-23 14:05:03.150,1.70,1.60,0.64
2023-01-23 14:05:03.556,1.70,1.71,0.64
2023-01-23 14:05:03.953,1.70,1.81,0.63
2023-01-23 14:05:04.362,1.70,1.54,0.64
2023-01-23 14:05:04.752,1.70,1.73,0.64
2023-01-23 14:05:05.159,1.70,1.69,0.64
2023-01-23 14:05:05.567,1.70,1.63,0.64
2023-01-23 14:05:05.959,1.70,1.82,0.63
2023-01-23 14:05:06.367,1.70,1.73,0.63
2023-01-23 14:05:06.775,1.70,1.65,0.63
2023-01-23 14:05:07.167,1.70,1.66,0.63
2023-01-23 14:05:07.574,1.70,1.61,0.64
2023-01-23 14:05:07.983,1.70,1.67,0.64
2023-01-23 14:05:08.374,1.70,1.62,0.64
2023-01-23 14:05:08.782,1.70,1.70,0.64
2023-01-23 14:05:09.189,1.70,1.79,0.64
2023-01-23 14:05:09.583,1.70,1.59,0.64
2023-01-23 14:05:09.988,1.70,1.73,0.64
2023-01-23 14:05:10.397,1.70,1.63,0.64
2023-01-23 14:05:10.787,1.70,1.80,0.64
2023-01-23 14:05:11.194,1.70,1.57,0.64
2023-01-23 14:05:11.602,1.70,1.61,0.65
2023-01-23 14:05:12.009,1.70,1.63,0.65
2023-01-23 14:05:12.401,1.70,1.87,0.64
2023-01-23 14:05:12.808,1.70,1.59,0.65
2023-01-23 14:05:13.200,1.70,1.80,0.64
2023-01-23 14:05:13.608,1.70,1.62,0.64
2023-01-23 14:05:14.017,1.70,1.57,0.65
2023-01-23 14:05:14.408,1.70,1.70,0.65
2023-01-23 14:05:14.816,1.70,1.59,0.66
2023-01-23 14:05:15.224,1.70,1.62,0.67
2023-01-23 14:05:15.616,1.70,1.94,0.66
2023-01-23 14:05:16.024,1.70,1.84,0.65
2023-01-23 14:05:16.433,1.70,1.67,0.65
2023-01-23 14:05:16.825,1.70,1.75,0.65
2023-01-23 14:05:17.233,1.70,1.43,0.66
2023-01-23 14:05:17.641,1.70,1.67,0.66
2023-01-23 14:05:18.032,1.70,1.82,0.65
2023-01-23 14:05:18.438,1.70,1.65,0.65
2023-01-23 14:05:18.845,1.70,1.77,0.65
2023-01-23 14:05:19.252,1.70,1.59,0.66
2023-01-23 14:05:19.643,1.70,1.76,0.66
2023-01-23 14:05:20.051,1.70,1.67,0.66
2023-01-23 14:05:20.458,1.70,1.60,0.67
2023-01-23 14:05:20.851,1.70,1.78,0.67
2023-01-23 14:05:21.259,1.70,1.78,0.67
2023-01-23 14:05:21.654,1.70,1.82,0.66
2023-01-23 14:05:22.061,1.70,1.71,0.66
2023-01-23 14:05:22.469,1.70,1.73,0.66
2023-01-23 14:05:22.873,1.70,1.64,0.66
2023-01-23 14:05:23.276,1.70,1.61,0.67
2023-01-23 14:05:23.678,1.70,1.58,0.67
2023-01-23 14:05:24.079,1.70,1.57,0.68
2023-01-23 14:05:24.471,1.70,1.83,0.67
2023-01-23 14:05:24.882,1.70,1.78,0.67
2023-01-23 14:05:25.287,1.70,1.74,0.67
2023-01-23 14:05:25.679,1.70,1.64,0.67
2023-01-23 14:05:26.086,1.70,1.62,0.68
2023-01-23 14:05:26.495,1.70,1.72,0.68
2023-01-23 14:05:26.887,1.70,1.71,0.68
2023-01-23 14:05:27.295,1.70,1.81,0.67
2023-01-23 14:05:27.702,1.70,1.59,0.68
2023-01-23 14:05:28.094,1.70,1.58,0.69
2023-01-23 14:05:28.502,1.70,1.88,0.68
2023-01-23 14:05:28.909,1.70,1.71,0.68
2023-01-23 14:05:29.303,1.70,1.87,0.67
2023-01-23 14:05:29.708,1.70,1.64,0.67
2023-01-23 14:05:30.116,1.70,1.46,0.68
2023-01-23 14:05:30.506,1.70,1.70,0.68
2023-01-23 14:05:30.914,1.70,1.85,0.67
2023-01-23 14:05:31.324,1.70,1.57,0.68
2023-01-23 14:05:31.714,1.70,1.88,0.67
2023-01-23 14:05:32.122,1.70,1.69,0.67
2023-01-23 14:05:32.530,1.70,1.54,0.68
2023-01-23 14:05:32.926,1.70,1.79,0.67
2023-01-23 14:05:33.335,1.70,1.65,0.67
2023-01-23 14:05:33.731,1.70,1.48,0.68
2023-01-23 14:05:34.140,1.70,1.90,0.67
2023-01-23 14:05:34.532,1.70,1.84,0.67
2023-01-23 14:05:34.937,1.70,1.65,0.67
2023-01-23 14:05:35.345,1.70,1.58,0.67
2023-01-23 14:05:35.736,1.70,1.59,0.68
2023-01-23 14:05:36.146,1.70,1.86,0.67
2023-01-23 14:05:36.553,1.70,1.77,0.67
2023-01-23 14:05:36.943,1.70,1.53,0.68
2023-01-23 14:05:37.352,1.70,1.77,0.68
2023-01-23 14:05:37.760,1.70,1.86,0.67
2023-01-23 14:05:38.152,1.70,1.55,0.68
2023-01-23 14:05:38.560,1.70,1.86,0.67
2023-01-23 14:05:38.968,1.70,1.66,0.67
2023-01-23 14:05:39.359,1.70,1.49,0.68
2023-01-23 14:05:39.767,1.70,1.64,0.68
2023-01-23 14:05:40.175,1.70,1.81,0.67
2023-01-23 14:05:40.568,1.70,1.63,0.67
2023-01-23 14:05:40.976,1.70,1.69,0.67
2023-01-23 14:05:41.383,1.70,1.77,0.67
2023-01-23 14:05:41.775,1.70,1.77,0.67
2023-01-23 14:05:42.183,1.70,1.52,0.68
2023-01-23 14:05:42.590,1.70,1.61,0.69
2023-01-23 14:05:42.994,1.70,1.72,0.69
2023-01-23 14:05:43.396,1.70,1.73,0.69
2023-01-23 14:05:43.784,1.70,1.81,0.68
2023-01-23 14:05:44.192,1.70,1.69,0.68
2023-01-23 14:05:44.600,1.70,1.66,0.68
2023-01-23 14:05:44.993,1.70,1.51,0.69
2023-01-23 14:05:45.399,1.70,1.93,0.68
2023-01-23 14:05:45.806,1.70,1.52,0.69
2023-01-23 14:05:46.214,1.70,1.76,0.69
2023-01-23 14:05:46.606,1.70,1.62,0.70
2023-01-23 14:05:47.013,1.70,1.87,0.69
2023-01-23 14:05:47.421,1.70,1.84,0.68
2023-01-23 14:05:47.812,1.70,1.63,0.68
2023-01-23 14:05:48.222,1.70,1.68,0.68
2023-01-23 14:05:48.613,1.70,1.58,0.69
2023-01-23 14:05:49.020,1.70,1.74,0.69
2023-01-23 14:05:49.428,1.70,1.51,0.70
2023-01-23 14:05:49.836,1.70,1.87,0.69
2023-01-23 14:05:50.229,1.70,1.72,0.69
2023-01-23 14:05:50.637,1.70,1.63,0.69
2023-01-23 14:05:51.029,1.70,1.77,0.69
2023-01-23 14:05:51.438,1.70,1.67,0.69
2023-01-23 14:05:51.845,1.70,1.76,0.69
2023-01-23 14:05:52.236,1.70,1.73,0.69
2023-01-23 14:05:52.644,1.70,1.64,0.69
2023-01-23 14:05:53.050,1.70,1.82,0.68
2023-01-23 14:05:53.457,1.70,1.68,0.68
2023-01-23 14:05:53.854,1.70,1.64,0.68
2023-01-23 14:05:54.259,1.70,1.56,0.69
2023-01-23 14:05:54.661,1.70,1.90,0.68
2023-01-23 14:05:55.053,1.70,1.52,0.69
2023-01-23 14:05:55.465,1.70,1.64,0.69
2023-01-23 14:05:55.870,1.70,1.54,0.70
2023-01-23 14:05:56.270,1.70,1.81,0.69
2023-01-23 14:05:56.662,1.70,1.75,0.69
2023-01-23 14:05:57.070,1.70,1.68,0.69
2023-01-23 14:05:57.479,1.70,1.60,0.70
2023-01-23 14:05:57.871,1.70,1.68,0.70
2023-01-23 14:05:58.279,1.70,1.90,0.69
2023-01-23 14:05:58.687,1.30,1.66,0.68
2023-01-23 14:05:58.988,1.30,1.57,0.67
2023-01-23 14:05:59.284,1.30,1.74,0.67
2023-01-23 14:05:59.582,1.30,1.68,0.66
2023-01-23 14:05:59.895,1.30,1.42,0.65
2023-01-23 14:06:00.193,1.30,1.54,0.64
2023-01-23 14:06:00.494,1.30,1.53,0.64
2023-01-23 14:06:00.805,1.30,1.60,0.63
2023-01-23 14:06:01.104,1.30,1.45,0.62
2023-01-23 14:06:01.400,1.30,1.46,0.61
2023-01-23 14:06:01.699,1.30,1.39,0.60
2023-01-23 14:06:02.012,1.30,1.65,0.60
2023-01-23 14:06:02.311,1.30,1.65,0.59
2023-01-23 14:06:02.610,1.30,1.43,0.58
2023-01-23 14:06:02.907,1.30,1.34,0.58
2023-01-23 14:06:03.221,1.30,1.59,0.57
2023-01-23 14:06:03.518,1.30,1.50,0.56
2023-01-23 14:06:03.816,1.30,1.54,0.56
2023-01-23 14:06:04.129,1.30,1.32,0.56
2023-01-23 14:06:04.427,1.30,1.47,0.55
2023-01-23 14:06:04.724,1.30,1.50,0.54
2023-01-23 14:06:05.039,1.30,1.61,0.53
2023-01-23 14:06:05.337,1.30,1.51,0.53
2023-01-23 14:06:05.635,1.30,1.30,0.53
2023-01-23 14:06:05.933,1.30,1.56,0.52
2023-01-23 14:06:06.248,1.30,1.55,0.51
2023-01-23 14:06:06.547,1.30,1.53,0.50
2023-01-23 14:06:06.847,1.30,1.33,0.50
2023-01-23 14:06:07.144,1.30,1.48,0.49
2023-01-23 14:06:07.458,1.30,1.52,0.49
2023-01-23 14:06:07.756,1.30,1.60,0.48
2023-01-23 14:06:08.055,1.30,1.38,0.47
2023-01-23 14:06:08.353,1.30,1.41,0.46
2023-01-23 14:06:08.667,1.30,1.38,0.45
2023-01-23 14:06:08.967,1.30,1.53,0.45
2023-01-23 14:06:09.264,1.30,1.36,0.44
2023-01-23 14:06:09.563,1.30,1.38,0.43
2023-01-23 14:06:09.877,1.30,1.38,0.42
2023-01-23 14:06:10.174,1.30,1.47,0.42
2023-01-23 14:06:10.473,1.30,1.48,0.41
2023-01-23 14:06:10.770,1.30,1.39,0.40
2023-01-23 14:06:11.086,1.30,1.46,0.39
2023-01-23 14:06:11.383,1.30,1.28,0.39
2023-01-23 14:06:11.681,1.30,1.43,0.38
2023-01-23 14:06:11.981,1.30,1.35,0.38
2023-01-23 14:06:12.294,1.30,1.43,0.38
2023-01-23 14:06:12.592,1.30,1.41,0.37
2023-01-23 14:06:12.889,1.30,1.38,0.36
2023-01-23 14:06:13.203,1.30,1.33,0.36
2023-01-23 14:06:13.501,1.30,1.23,0.37
2023-01-23 14:06:13.799,1.30,1.44,0.36
2023-01-23 14:06:14.097,1.30,1.36,0.35
2023-01-23 14:06:14.411,1.30,1.46,0.35
2023-01-23 14:06:14.711,1.30,1.31,0.35
2023-01-23 14:06:15.009,1.30,1.26,0.35
2023-01-23 14:06:15.306,1.30,1.33,0.35
2023-01-23 14:06:15.620,1.30,1.49,0.34
2023-01-23 14:06:15.917,1.30,1.36,0.33
2023-01-23 14:06:16.216,1.30,1.38,0.32
2023-01-23 14:06:16.515,1.30,1.27,0.32
2023-01-23 14:06:16.831,1.30,1.37,0.31
2023-01-23 14:06:17.129,1.30,1.36,0.31
2023-01-23 14:06:17.426,1.30,1.20,0.31
2023-01-23 14:06:17.739,1.30,1.30,0.31
2023-01-23 14:06:18.038,1.30,1.28,0.31
2023-01-23 14:06:18.336,1.30,1.35,0.31
2023-01-23 14:06:18.637,1.30,1.43,0.31
2023-01-23 14:06:18.949,1.30,1.39,0.30
2023-01-23 14:06:19.247,1.30,1.31,0.30
2023-01-23 14:06:19.545,1.30,1.25,0.30
2023-01-23 14:06:19.844,1.30,1.46,0.29
2023-01-23 14:06:20.158,1.30,1.27,0.29
2023-01-23 14:06:20.458,1.30,1.31,0.29
2023-01-23 14:06:20.755,1.30,1.32,0.29
2023-01-23 14:06:21.053,1.30,1.36,0.28
2023-01-23 14:06:21.367,1.30,1.39,0.27
2023-01-23 14:06:21.665,1.30,1.29,0.27
2023-01-23 14:06:21.965,1.30,1.26,0.27
2023-01-23 14:06:22.261,1.30,1.31,0.27
2023-01-23 14:06:22.576,1.30,1.28,0.27
2023-01-23 14:06:22.874,1.30,1.35,0.27
2023-01-23 14:06:23.172,1.30,1.29,0.27
2023-01-23 14:06:23.469,1.30,1.27,0.27
2023-01-23 14:06:23.783,1.30,1.33,0.27
2023-01-23 14:06:24.082,1.30,1.34,0.27
2023-01-23 14:06:24.379,1.30,1.34,0.27
2023-01-23 14:06:24.693,1.30,1.32,0.27
2023-01-23 14:06:24.992,1.30,1.37,0.26
2023-01-23 14:06:25.292,1.30,1.27,0.26
2023-01-23 14:06:25.591,1.30,1.28,0.26
2023-01-23 14:06:25.904,1.30,1.32,0.26
2023-01-23 14:06:26.202,1.30,1.35,0.25
2023-01-23 14:06:26.501,1.30,1.34,0.25
2023-01-23 14:06:26.801,1.30,1.28,0.25
2023-01-23 14:06:27.113,1.30,1.26,0.25
2023-01-23 14:06:27.413,1.30,1.31,0.25
2023-01-23 14:06:27.710,1.30,1.26,0.25
2023-01-23 14:06:28.007,1.30,1.35,0.25
2023-01-23 14:06:28.321,1.30,1.33,0.25
2023-01-23 14:06:28.619,1.30,1.27,0.25
2023-01-23 14:06:28.917,1.30,1.31,0.25
2023-01-23 14:06:29.216,1.30,1.35,0.25
2023-01-23 14:06:29.531,1.30,1.32,0.25
2023-01-23 14:06:29.829,1.30,1.31,0.25
2023-01-23 14:06:30.127,1.30,1.38,0.24
2023-01-23 14:06:30.426,1.30,1.29,0.24
2023-01-23 14:06:30.740,1.30,1.29,0.24
2023-01-23 14:06:31.038,1.30,1.29,0.24
2023-01-23 14:06:31.336,1.30,1.31,0.24
2023-01-23 14:06:31.634,1.30,1.21,0.25
2023-01-23 14:06:31.948,1.30,1.43,0.24
2023-01-23 14:06:32.246,1.30,1.35,0.24
2023-01-23 14:06:32.544,1.30,1.31,0.24
2023-01-23 14:06:32.858,1.30,1.35,0.24
2023-01-23 14:06:33.155,1.30,1.35,0.24
2023-01-23 14:06:33.453,1.30,1.33,0.24
2023-01-23 14:06:33.752,1.30,1.25,0.25
2023-01-23 14:06:34.066,1.30,1.36,0.24
2023-01-23 14:06:34.364,1.30,1.26,0.24
2023-01-23 14:06:34.663,1.30,1.34,0.24
2023-01-23 14:06:34.963,1.30,1.29,0.24
2023-01-23 14:06:35.276,1.30,1.34,0.24
2023-01-23 14:06:35.576,1.30,1.24,0.25
2023-01-23 14:06:35.871,1.30,1.39,0.24
2023-01-23 14:06:36.170,1.30,1.33,0.24
2023-01-23 14:06:36.483,1.30,1.33,0.24
2023-01-23 14:06:36.783,1.30,1.25,0.25
2023-01-23 14:06:37.082,1.30,1.32,0.25
2023-01-23 14:06:37.393,1.30,1.35,0.25
2023-01-23 14:06:37.692,1.30,1.48,0.24
2023-01-23 14:06:37.991,1.30,1.22,0.25
2023-01-23 14:06:38.288,1.30,1.36,0.24
2023-01-23 14:06:38.603,1.30,1.24,0.25
2023-01-23 14:06:38.901,1.30,1.37,0.24
2023-01-23 14:06:39.201,1.30,1.22,0.25
2023-01-23 14:06:39.501,1.30,1.22,0.26
2023-01-23 14:06:39.800,1.30,1.25,0.27
2023-01-23 14:06:40.114,1.30,1.55,0.26
2023-01-23 14:06:40.413,1.30,1.35,0.25
2023-01-23 14:06:40.712,1.30,1.19,0.26
2023-01-23 14:06:41.009,1.30,1.21,0.27
2023-01-23 14:06:41.325,1.30,1.36,0.26
2023-01-23 14:06:41.621,1.30,1.39,0.25
2023-01-23 14:06:41.919,1.30,1.29,0.25
2023-01-23 14:06:42.219,1.30,1.22,0.26
2023-01-23 14:06:42.532,1.30,1.25,0.26
2023-01-23 14:06:42.830,1.30,1.27,0.26
2023-01-23 14:06:43.128,1.30,1.35,0.25
2023-01-23 14:06:43.440,1.30,1.26,0.25
2023-01-23 14:06:43.738,1.30,1.18,0.26
2023-01-23 14:06:44.036,1.30,1.31,0.26
2023-01-23 14:06:44.349,1.30,1.49,0.25
2023-01-23 14:06:44.647,1.30,1.32,0.25
2023-01-23 14:06:44.946,1.30,1.17,0.26
2023-01-23 14:06:45.245,1.30,1.31,0.26
2023-01-23 14:06:45.557,1.30,1.41,0.25
2023-01-23 14:06:45.856,1.30,1.33,0.25
2023-01-23 14:06:46.153,1.30,1.25,0.26
2023-01-23 14:06:46.466,1.30,1.31,0.26
2023-01-23 14:06:46.765,1.30,1.28,0.26
2023-01-23 14:06:47.064,1.30,1.44,0.25
2023-01-23 14:06:47.362,1.30,1.24,0.26
2023-01-23 14:06:47.676,1.30,1.23,0.27
2023-01-23 14:06:47.974,1.30,1.33,0.27
2023-01-23 14:06:48.272,1.30,1.34,0.27
2023-01-23 14:06:48.572,1.30,1.43,0.26
2023-01-23 14:06:48.884,1.30,1.24,0.27
2023-01-23 14:06:49.182,1.30,1.36,0.26
2023-01-23 14:06:49.481,1.30,1.27,0.26
2023-01-23 14:06:49.780,1.30,1.34,0.26
2023-01-23 14:06:50.094,1.30,1.35,0.25
2023-01-23 14:06:50.393,1.30,1.19,0.26
2023-01-23 14:06:50.690,1.30,1.26,0.26
2023-01-23 14:06:50.989,1.30,1.35,0.26
2023-01-23 14:06:51.302,1.30,1.35,0.26
2023-01-23 14:06:51.600,1.30,1.35,0.26
2023-01-23 14:06:51.899,1.30,1.31,0.26
2023-01-23 14:06:52.198,1.30,1.27,0.26
2023-01-23 14:06:52.513,1.30,1.44,0.25
2023-01-23 14:06:52.813,1.30,1.28,0.25
2023-01-23 14:06:53.109,1.30,1.23,0.26
2023-01-23 14:06:53.406,1.30,1.27,0.26
2023-01-23 14:06:53.719,1.30,1.43,0.25
2023-01-23 14:06:54.017,1.30,1.35,0.25
2023-01-23 14:06:54.314,1.30,1.26,0.25
2023-01-23 14:06:54.630,1.30,1.19,0.26
2023-01-23 14:06:54.929,1.30,1.43,0.25
2023-01-23 14:06:55.228,1.30,1.44,0.24
2023-01-23 14:06:55.526,1.30,1.24,0.25
2023-01-23 14:06:55.840,1.30,1.23,0.26
2023-01-23 14:06:56.138,1.30,1.26,0.26
2023-01-23 14:06:56.439,1.30,1.37,0.25
2023-01-23 14:06:56.735,1.30,1.34,0.25
2023-01-23 14:06:57.048,1.30,1.21,0.26
2023-01-23 14:06:57.346,1.30,1.24,0.27
2023-01-23 14:06:57.645,1.30,1.46,0.26
2023-01-23 14:06:57.944,1.30,1.40,0.25
2023-01-23 14:06:58.257,1.30,1.24,0.26
2023-01-23 14:06:58.555,1.30,1.35,0.25
2023-01-23 14:06:58.853,1.30,1.20,0.26
2023-01-23 14:06:59.167,1.30,1.32,0.26
2023-01-23 14:06:59.466,1.30,1.40,0.25
2023-01-23 14:06:59.764,1.30,1.26,0.25
2023-01-23 14:07:00.064,1.30,1.30,0.25
2023-01-23 14:07:00.375,1.30,1.18,0.26
2023-01-23 14:07:00.674,1.30,1.46,0.25
2023-01-23 14:07:00.972,1.30,1.35,0.25
2023-01-23 14:07:01.270,1.30,1.23,0.26
2023-01-23 14:07:01.585,1.30,1.27,0.26
2023-01-23 14:07:01.882,1.30,1.36,0.25
2023-01-23 14:07:02.183,1.30,1.29,0.25
2023-01-23 14:07:02.480,1.30,1.28,0.25
2023-01-23 14:07:02.795,1.30,1.25,0.25
2023-01-23 14:07:03.091,1.30,1.20,0.26
2023-01-23 14:07:03.388,1.30,1.48,0.25
2023-01-23 14:07:03.701,1.30,1.28,0.25
2023-01-23 14:07:03.998,1.30,1.32,0.25
2023-01-23 14:07:04.296,1.30,1.20,0.26
2023-01-23 14:07:04.610,1.30,1.30,0.26
2023-01-23 14:07:04.908,1.30,1.40,0.25
2023-01-23 14:07:05.207,1.30,1.25,0.25
2023-01-23 14:07:05.505,1.30,1.22,0.26
2023-01-23 14:07:05.807,1.30,1.21,0.27
2023-01-23 14:07:06.119,1.30,1.51,0.26
2023-01-23 14:07:06.416,1.30,1.37,0.25
2023-01-23 14:07:06.715,1.30,1.16,0.26
2023-01-23 14:07:07.029,1.30,1.28,0.26
2023-01-23 14:07:07.327,1.30,1.34,0.26
2023-01-23 14:07:07.625,1.30,1.37,0.25
2023-01-23 14:07:07.923,1.30,1.23,0.26
2023-01-23 14:07:08.236,1.30,1.30,0.26
2023-01-23 14:07:08.533,1.30,1.18,0.27
2023-01-23 14:07:08.830,1.30,1.65,0.26
2023-01-23 14:07:09.144,1.30,1.27,0.26
2023-01-23 14:07:09.443,1.30,1.25,0.27
2023-01-23 14:07:09.742,1.30,1.42,0.26
2023-01-23 14:07:10.040,1.30,1.32,0.26
2023-01-23 14:07:10.355,1.30,1.29,0.26
2023-01-23 14:07:10.653,1.30,1.33,0.26
2023-01-23 14:07:10.951,1.30,1.26,0.26
2023-01-23 14:07:11.249,1.30,1.27,0.26
2023-01-23 14:07:11.562,1.70,1.46,0.27
2023-01-23 14:07:11.955,1.70,1.35,0.27
2023-01-23 14:07:12.362,1.70,1.32,0.28
2023-01-23 14:07:12.770,1.70,1.47,0.29
2023-01-23 14:07:13.162,1.70,1.44,0.30
2023-01-23 14:07:13.568,1.70,1.67,0.30
2023-01-23 14:07:13.976,1.70,1.51,0.31
2023-01-23 14:07:14.382,1.70,1.61,0.31
2023-01-23 14:07:14.776,1.70,1.47,0.32
2023-01-23 14:07:15.184,1.70,1.51,0.33
2023-01-23 14:07:15.576,1.70,1.64,0.33
2023-01-23 14:07:15.984,1.70,1.52,0.34
2023-01-23 14:07:16.394,1.70,1.59,0.35
2023-01-23 14:07:16.785,1.70,1.60,0.35
2023-01-23 14:07:17.191,1.70,1.55,0.36
2023-01-23 14:07:17.599,1.70,1.73,0.36
2023-01-23 14:07:17.992,1.70,1.62,0.36
2023-01-23 14:07:18.402,1.70,1.56,0.37
2023-01-23 14:07:18.793,1.70,1.60,0.38
2023-01-23 14:07:19.200,1.70,1.53,0.38
2023-01-23 14:07:19.609,1.70,1.69,0.38
2023-01-23 14:07:20.002,1.70,1.58,0.39
2023-01-23 14:07:20.413,1.70,1.78,0.38
2023-01-23 14:07:20.819,1.70,1.63,0.38
2023-01-23 14:07:21.211,1.70,1.56,0.39
2023-01-23 14:07:21.618,1.70,1.53,0.40
2023-01-23 14:07:22.026,1.70,1.64,0.40
2023-01-23 14:07:22.417,1.70,1.64,0.40
2023-01-23 14:07:22.824,1.70,1.52,0.41
2023-01-23 14:07:23.232,1.70,1.65,0.41
2023-01-23 14:07:23.625,1.70,1.69,0.41
2023-01-23 14:07:24.032,1.70,1.60,0.42
2023-01-23 14:07:24.440,1.70,1.68,0.42
2023-01-23 14:07:24.834,1.70,1.59,0.42
2023-01-23 14:07:25.242,1.70,1.65,0.42
2023-01-23 14:07:25.634,1.70,1.63,0.42
2023-01-23 14:07:26.049,1.70,1.54,0.43
2023-01-23 14:07:26.449,1.70,1.61,0.44
2023-01-23 14:07:26.851,1.70,1.70,0.44
2023-01-23 14:07:27.245,1.70,1.70,0.44
2023-01-23 14:07:27.652,1.70,1.60,0.45
2023-01-23 14:07:28.062,1.70,1.55,0.45
2023-01-23 14:07:28.455,1.70,1.66,0.45
2023-01-23 14:07:28.865,1.70,1.55,0.46
2023-01-23 14:07:29.258,1.70,1.65,0.46
2023-01-23 14:07:29.666,1.70,1.76,0.46
2023-01-23 14:07:30.061,1.70,1.75,0.46
2023-01-23 14:07:30.470,1.70,1.73,0.46
2023-01-23 14:07:30.879,1.70,1.51,0.47
2023-01-23 14:07:31.273,1.70,1.48,0.48
2023-01-23 14:07:31.686,1.70,1.69,0.48
2023-01-23 14:07:32.077,1.70,1.65,0.48
2023-01-23 14:07:32.487,1.70,1.59,0.49
2023-01-23 14:07:32.881,1.70,1.76,0.49
2023-01-23 14:07:33.288,1.70,1.66,0.49
2023-01-23 14:07:33.695,1.70,1.75,0.49
2023-01-23 14:07:34.089,1.70,1.72,0.49
2023-01-23 14:07:34.495,1.70,1.54,0.49
2023-01-23 14:07:34.905,1.70,1.60,0.50
2023-01-23 14:07:35.299,1.70,1.75,0.50
2023-01-23 14:07:35.709,1.70,1.64,0.50
2023-01-23 14:07:36.103,1.70,1.82,0.49
2023-01-23 14:07:36.514,1.70,1.61,0.50
2023-01-23 14:07:36.907,1.70,1.67,0.50
2023-01-23 14:07:37.319,1.70,1.60,0.51
2023-01-23 14:07:37.711,1.70,1.55,0.52
2023-01-23 14:07:38.122,1.70,1.63,0.52
2023-01-23 14:07:38.516,1.70,1.75,0.52
2023-01-23 14:07:38.925,1.70,1.89,0.51
2023-01-23 14:07:39.319,1.70,1.65,0.51
2023-01-23 14:07:39.728,1.70,1.60,0.52
2023-01-23 14:07:40.123,1.70,1.65,0.52
2023-01-23 14:07:40.532,1.70,1.75,0.52
2023-01-23 14:07:40.941,1.70,1.67,0.52
2023-01-23 14:07:41.336,1.70,1.66,0.52
2023-01-23 14:07:41.745,1.70,1.60,0.53
2023-01-23 14:07:42.139,1.70,1.87,0.52
2023-01-23 14:07:42.549,1.70,1.66,0.52
2023-01-23 14:07:42.941,1.70,1.48,0.53
2023-01-23 14:07:43.348,1.70,1.62,0.53
2023-01-23 14:07:43.757,1.70,1.66,0.53
2023-01-23 14:07:44.153,1.70,1.78,0.52
2023-01-23 14:07:44.563,1.70,1.50,0.53
2023-01-23 14:07:44.958,1.70,1.61,0.53
2023-01-23 14:07:45.367,1.70,1.79,0.53
2023-01-23 14:07:45.764,1.70,1.69,0.53
2023-01-23 14:07:46.158,1.70,1.65,0.53
2023-01-23 14:07:46.570,1.70,1.62,0.53
2023-01-23 14:07:46.976,1.70,1.52,0.53
2023-01-23 14:07:47.374,1.70,1.53,0.54
2023-01-23 14:07:47.779,1.70,1.58,0.55
2023-01-23 14:07:48.176,1.70,1.61,0.56
2023-01-23 14:07:48.582,1.70,1.84,0.55
2023-01-23 14:07:48.976,1.70,1.82,0.54
2023-01-23 14:07:49.386,1.70,1.71,0.54
2023-01-23 14:07:49.794,1.70,1.62,0.55
2023-01-23 14:07:50.187,1.70,1.72,0.55
2023-01-23 14:07:50.596,1.70,1.61,0.56
2023-01-23 14:07:50.989,1.70,1.64,0.56
2023-01-23 14:07:51.400,1.70,1.68,0.56
2023-01-23 14:07:51.793,1.70,1.66,0.56
2023-01-23 14:07:52.202,1.70,1.73,0.56
2023-01-23 14:07:52.611,1.70,1.60,0.56
2023-01-23 14:07:53.004,1.70,1.63,0.56
2023-01-23 14:07:53.411,1.70,1.71,0.56
2023-01-23 14:07:53.818,1.70,1.63,0.56
2023-01-23 14:07:54.211,1.70,1.76,0.56
2023-01-23 14:07:54.621,1.70,1.77,0.56
2023-01-23 14:07:55.015,1.70,1.68,0.56
2023-01-23 14:07:55.422,1.70,1.59,0.57
2023-01-23 14:07:55.816,1.70,1.73,0.57
2023-01-23 14:07:56.226,1.70,1.70,0.57
2023-01-23 14:07:56.623,1.70,1.64,0.57
2023-01-23 14:07:57.029,1.70,1.68,0.57
2023-01-23 14:07:57.438,1.70,1.70,0.57
2023-01-23 14:07:57.833,1.70,1.86,0.56
2023-01-23 14:07:58.240,1.70,1.60,0.57
2023-01-23 14:07:58.635,1.70,1.66,0.57
2023-01-23 14:07:59.045,1.70,1.61,0.58
2023-01-23 14:07:59.439,1.70,1.60,0.59
2023-01-23 14:07:59.849,1.70,1.53,0.60
2023-01-23 14:08:00.257,1.70,1.67,0.60
2023-01-23 14:08:00.652,1.70,1.73,0.60
2023-01-23 14:08:01.062,1.70,1.79,0.59
2023-01-23 14:08:01.454,1.70,1.72,0.59
2023-01-23 14:08:01.864,1.70,1.65,0.59
2023-01-23 14:08:02.259,1.70,1.64,0.59
2023-01-23 14:08:02.671,1.70,1.54,0.60
2023-01-23 14:08:03.060,1.70,1.71,0.60
2023-01-23 14:08:03.466,1.70,1.63,0.60
2023-01-23 14:08:03.873,1.70,1.80,0.59
2023-01-23 14:08:04.269,1.70,1.72,0.59
2023-01-23 14:08:04.676,1.70,1.71,0.59
2023-01-23 14:08:05.086,1.70,1.57,0.60
2023-01-23 14:08:05.479,1.70,1.45,0.60
2023-01-23 14:08:05.890,1.70,1.69,0.60
2023-01-23 14:08:06.285,1.70,1.63,0.60
2023-01-23 14:08:06.696,1.70,1.73,0.60
2023-01-23 14:08:07.090,1.70,1.69,0.60
2023-01-23 14:08:07.500,1.70,1.75,0.60
2023-01-23 14:08:07.894,1.70,1.85,0.60
2023-01-23 14:08:08.305,1.70,1.53,0.60
2023-01-23 14:08:08.698,1.70,1.74,0.60
2023-01-23 14:08:09.109,1.70,1.66,0.60
2023-01-23 14:08:09.502,1.70,1.57,0.61
2023-01-23 14:08:09.912,1.70,1.74,0.61
2023-01-23 14:08:10.305,1.70,1.80,0.60
2023-01-23 14:08:10.716,1.70,1.66,0.60
2023-01-23 14:08:11.111,1.70,1.52,0.61
2023-01-23 14:08:11.520,1.70,1.73,0.61
2023-01-23 14:08:11.914,1.70,1.60,0.62
2023-01-23 14:08:12.325,1.70,1.74,0.62
2023-01-23 14:08:12.718,1.70,1.61,0.63
2023-01-23 14:08:13.125,1.70,1.77,0.63
2023-01-23 14:08:13.533,1.70,1.72,0.63
2023-01-23 14:08:13.925,1.70,1.81,0.62
2023-01-23 14:08:14.332,1.70,1.68,0.62
2023-01-23 14:08:14.742,1.70,1.76,0.62
2023-01-23 14:08:15.139,1.70,1.54,0.63
2023-01-23 14:08:15.545,1.70,1.60,0.64
2023-01-23 14:08:15.938,1.70,1.81,0.63
2023-01-23 14:08:16.348,1.70,1.59,0.64
2023-01-23 14:08:16.743,1.70,1.77,0.64
2023-01-23 14:08:17.151,1.70,1.76,0.64
2023-01-23 14:08:17.548,1.70,1.81,0.63
2023-01-23 14:08:17.956,1.70,1.60,0.64
2023-01-23 14:08:18.365,1.70,1.64,0.64
2023-01-23 14:08:18.758,1.70,1.59,0.64
2023-01-23 14:08:19.168,1.70,1.67,0.64
2023-01-23 14:08:19.563,1.70,1.83,0.64
2023-01-23 14:08:19.973,1.70,1.54,0.64
2023-01-23 14:08:20.369,1.70,1.67,0.64
2023-01-23 14:08:20.778,1.70,1.67,0.64
2023-01-23 14:08:21.172,1.70,1.72,0.64
2023-01-23 14:08:21.582,1.70,1.64,0.64
2023-01-23 14:08:21.977,1.70,1.75,0.64
2023-01-23 14:08:22.388,1.70,1.56,0.65
2023-01-23 14:08:22.781,1.70,1.79,0.64
2023-01-23 14:08:23.190,1.70,1.69,0.64
2023-01-23 14:08:23.595,1.70,1.74,0.64
2023-01-23 14:08:23.987,1.70,1.75,0.64
2023-01-23 14:08:24.399,1.70,1.72,0.64
2023-01-23 14:08:24.791,1.70,1.78,0.64
2023-01-23 14:08:25.205,1.70,1.56,0.65
2023-01-23 14:08:25.598,1.70,1.66,0.65
2023-01-23 14:08:26.008,1.70,1.92,0.64
2023-01-23 14:08:26.401,1.70,1.59,0.65
2023-01-23 14:08:26.810,1.70,1.81,0.64
2023-01-23 14:08:27.219,1.70,1.58,0.65
2023-01-23 14:08:27.615,1.70,1.63,0.65
2023-01-23 14:08:28.022,1.70,1.77,0.65
2023-01-23 14:08:28.418,1.70,1.73,0.65
2023-01-23 14:08:28.825,1.70,1.60,0.66
2023-01-23 14:08:29.221,1.70,1.98,0.65
2023-01-23 14:08:29.627,1.70,1.75,0.65
2023-01-23 14:08:30.023,1.70,1.82,0.64
2023-01-23 14:08:30.431,1.70,1.51,0.65
2023-01-23 14:08:30.826,1.70,1.81,0.64
2023-01-23 14:08:31.236,1.70,1.79,0.64
2023-01-23 14:08:31.644,1.70,1.44,0.64
2023-01-23 14:08:32.036,1.70,1.59,0.65
2023-01-23 14:08:32.447,1.70,1.86,0.64
2023-01-23 14:08:32.839,1.70,1.69,0.64
2023-01-23 14:08:33.246,1.70,1.66,0.64
2023-01-23 14:08:33.657,1.70,1.48,0.65
2023-01-23 14:08:34.046,1.70,1.76,0.65
2023-01-23 14:08:34.456,1.70,1.65,0.65
2023-01-23 14:08:34.851,1.70,1.53,0.66
2023-01-23 14:08:35.261,1.70,1.68,0.66
2023-01-23 14:08:35.670,1.70,1.81,0.65
2023-01-23 14:08:36.062,1.70,1.72,0.65
2023-01-23 14:08:36.472,1.70,1.64,0.65
2023-01-23 14:08:36.869,1.70,1.54,0.66
2023-01-23 14:08:37.276,1.70,1.59,0.67
2023-01-23 14:08:37.667,1.70,1.79,0.66
2023-01-23 14:08:38.077,1.70,1.69,0.66
2023-01-23 14:08:38.474,1.70,1.75,0.66
2023-01-23 14:08:38.882,1.70,1.82,0.65
2023-01-23 14:08:39.292,1.70,1.72,0.65
2023-01-23 14:08:39.687,1.70,1.64,0.65
2023-01-23 14:08:40.082,1.70,1.56,0.66
2023-01-23 14:08:40.491,1.70,1.63,0.66
2023-01-23 14:08:40.901,1.70,1.67,0.66
2023-01-23 14:08:41.296,1.70,1.74,0.66
2023-01-23 14:08:41.705,1.70,1.84,0.65
2023-01-23 14:08:42.099,1.70,1.60,0.66
2023-01-23 14:08:42.507,1.70,1.65,0.66
2023-01-23 14:08:42.901,1.70,1.76,0.66
2023-01-23 14:08:43.307,1.70,1.75,0.66
2023-01-23 14:08:43.714,1.70,1.62,0.67
2023-01-23 14:08:44.121,1.70,1.67,0.67
2023-01-23 14:08:44.516,1.70,1.81,0.66
2023-01-23 14:08:44.925,1.70,1.80,0.65
2023-01-23 14:08:45.321,1.70,1.68,0.65
2023-01-23 14:08:45.727,1.70,1.72,0.65
2023-01-23 14:08:46.124,1.70,1.87,0.64
2023-01-23 14:08:46.533,1.70,1.51,0.65
2023-01-23 14:08:46.926,1.70,1.65,0.65
2023-01-23 14:08:47.335,1.70,1.59,0.66
2023-01-23 14:08:47.731,1.70,1.81,0.65
2023-01-23 14:08:48.139,1.70,1.76,0.65
2023-01-23 14:08:48.532,1.70,1.70,0.65
2023-01-23 14:08:48.943,1.70,1.63,0.65
2023-01-23 14:08:49.340,1.70,1.76,0.65
2023-01-23 14:08:49.747,1.70,1.75,0.65
2023-01-23 14:08:50.155,1.70,1.49,0.66
2023-01-23 14:08:50.549,1.70,1.67,0.66
2023-01-23 14:08:50.960,1.70,1.83,0.65
2023-01-23 14:08:51.354,1.70,1.78,0.64
2023-01-23 14:08:51.765,1.70,1.84,0.64
2023-01-23 14:08:52.161,1.70,1.58,0.64
2023-01-23 14:08:52.557,1.70,1.63,0.64
2023-01-23 14:08:52.965,1.70,1.75,0.64
2023-01-23 14:08:53.374,1.70,1.49,0.65
2023-01-23 14:08:53.768,1.70,1.65,0.65
2023-01-23 14:08:54.175,1.70,1.66,0.65
2023-01-23 14:08:54.570,1.70,1.71,0.65
2023-01-23 14:08:54.981,1.70,1.73,0.65
2023-01-23 14:08:55.373,1.70,1.65,0.65
2023-01-23 14:08:55.784,1.70,1.50,0.66
2023-01-23 14:08:56.193,1.70,1.68,0.66
2023-01-23 14:08:56.590,1.70,1.62,0.66
2023-01-23 14:08:56.983,1.70,1.63,0.66
2023-01-23 14:08:57.393,1.70,1.76,0.66
2023-01-23 14:08:57.803,1.70,1.78,0.65
2023-01-23 14:08:58.199,1.70,1.56,0.66
2023-01-23 14:08:58.608,1.70,1.54,0.67
2023-01-23 14:08:59.003,1.70,1.71,0.67
2023-01-23 14:08:59.412,1.70,1.62,0.67
2023-01-23 14:08:59.812,1.70,1.68,0.67
2023-01-23 14:09:00.204,1.70,1.59,0.67
2023-01-23 14:09:00.614,1.70,1.71,0.67
2023-01-23 14:09:01.008,1.70,1.73,0.67
2023-01-23 14:09:01.419,1.70,1.82,0.67
2023-01-23 14:09:01.813,1.70,1.64,0.67
2023-01-23 14:09:02.225,1.70,1.66,0.67
2023-01-23 14:09:02.619,1.70,1.60,0.67
2023-01-23 14:09:03.030,1.70,1.53,0.68
2023-01-23 14:09:03.423,1.70,1.70,0.68
2023-01-23 14:09:03.835,1.70,1.77,0.68
2023-01-23 14:09:04.228,1.70,1.66,0.68
2023-01-23 14:09:04.638,1.70,1.81,0.67
2023-01-23 14:09:05.033,1.70,1.57,0.68
2023-01-23 14:09:05.444,1.70,1.57,0.69
2023-01-23 14:09:05.837,1.70,1.81,0.68
2023-01-23 14:09:06.248,1.70,1.56,0.69
2023-01-23 14:09:06.641,1.70,1.67,0.69
2023-01-23 14:09:07.052,1.70,1.67,0.69
2023-01-23 14:09:07.447,1.70,1.87,0.68
2023-01-23 14:09:07.856,1.70,1.65,0.68
2023-01-23 14:09:08.265,1.70,1.71,0.68
2023-01-23 14:09:08.661,1.70,1.71,0.68
2023-01-23 14:09:09.070,1.70,1.71,0.68
2023-01-23 14:09:09.461,1.70,1.52,0.69
2023-01-23 14:09:09.869,1.70,1.82,0.68
2023-01-23 14:09:10.278,1.70,1.56,0.69
2023-01-23 14:09:10.676,1.70,1.87,0.68
2023-01-23 14:09:11.082,1.70,1.67,0.68
2023-01-23 14:09:11.480,1.70,1.60,0.69
2023-01-23 14:09:11.888,1.70,1.66,0.69
2023-01-23 14:09:12.283,1.70,1.68,0.69
2023-01-23 14:09:12.690,1.70,1.72,0.69
2023-01-23 14:09:13.083,1.70,1.50,0.70
2023-01-23 14:09:13.490,1.70,1.81,0.69
2023-01-23 14:09:13.888,1.70,1.89,0.68
2023-01-23 14:09:14.298,1.70,1.56,0.69
2023-01-23 14:09:14.693,1.70,1.68,0.69
2023-01-23 14:09:15.101,1.70,1.63,0.69
2023-01-23 14:09:15.498,1.70,1.65,0.69
2023-01-23 14:09:15.907,1.70,1.92,0.68
2023-01-23 14:09:16.306,1.70,1.69,0.68
2023-01-23 14:09:16.715,1.70,1.69,0.68
2023-01-23 14:09:17.108,1.70,1.92,0.67
2023-01-23 14:09:17.517,1.70,2.45,0.67
2023-01-23 14:09:17.914,1.70,2.35,0.66
2023-01-23 14:09:18.319,1.70,2.19,0.65
2023-01-23 14:09:18.729,1.70,2.21,0.64
2023-01-23 14:09:19.128,1.70,2.31,0.64
2023-01-23 14:09:19.532,1.70,2.34,0.63
2023-01-23 14:09:19.925,1.70,2.09,0.62
2023-01-23 14:09:20.336,1.70,2.41,0.61
2023-01-23 14:09:20.730,1.70,2.32,0.60
2023-01-23 14:09:21.140,1.70,2.35,0.60
2023-01-23 14:09:21.534,1.70,2.02,0.59
2023-01-23 14:09:21.944,1.70,2.30,0.58
2023-01-23 14:09:22.338,1.70,2.15,0.57
2023-01-23 14:09:22.747,1.70,2.15,0.56
2023-01-23 14:09:23.155,1.70,2.28,0.56
2023-01-23 14:09:23.546,1.70,2.46,0.55
2023-01-23 14:09:23.952,1.70,2.10,0.54
2023-01-23 14:09:24.361,1.70,2.10,0.53
2023-01-23 14:09:24.757,1.70,2.09,0.53
2023-01-23 14:09:25.163,1.70,2.14,0.52
2023-01-23 14:09:25.558,1.70,2.42,0.51
2023-01-23 14:09:25.967,1.70,2.45,0.50
2023-01-23 14:09:26.360,1.70,2.18,0.49
2023-01-23 14:09:26.769,1.70,2.04,0.49
2023-01-23 14:09:27.178,1.70,2.26,0.48
2023-01-23 14:09:27.573,1.70,2.19,0.47
2023-01-23 14:09:27.981,1.70,1.86,0.46
2023-01-23 14:09:28.377,1.70,2.04,0.45
2023-01-23 14:09:28.788,1.70,2.15,0.45
2023-01-23 14:09:29.184,1.70,2.33,0.44
2023-01-23 14:09:29.592,1.70,2.24,0.43
2023-01-23 14:09:29.986,1.70,2.27,0.42
2023-01-23 14:09:30.395,1.70,1.93,0.42
2023-01-23 14:09:30.788,1.70,2.08,0.41
2023-01-23 14:09:31.196,1.70,2.19,0.40
2023-01-23 14:09:31.605,1.70,1.75,0.40
2023-01-23 14:09:31.999,1.70,2.22,0.39
2023-01-23 14:09:32.409,1.70,2.29,0.38
2023-01-23 14:09:32.801,1.70,2.17,0.38
2023-01-23 14:09:33.208,1.70,2.26,0.37
2023-01-23 14:09:33.615,1.70,2.14,0.36
2023-01-23 14:09:34.009,1.70,1.64,0.36
2023-01-23 14:09:34.415,1.70,1.86,0.35
2023-01-23 14:09:34.813,1.70,2.03,0.35
2023-01-23 14:09:35.220,1.70,1.77,0.35
2023-01-23 14:09:35.629,1.70,1.81,0.34
2023-01-23 14:09:36.024,1.70,1.87,0.33
2023-01-23 14:09:36.434,1.70,2.02,0.32
2023-01-23 14:09:36.827,1.70,1.52,0.33
2023-01-23 14:09:37.239,1.70,1.92,0.32
2023-01-23 14:09:37.631,1.70,1.46,0.33
2023-01-23 14:09:38.040,1.70,2.09,0.32
2023-01-23 14:09:38.434,1.70,1.79,0.31
2023-01-23 14:09:38.844,1.70,1.90,0.31
2023-01-23 14:09:39.238,1.70,2.10,0.30
2023-01-23 14:09:39.648,1.70,1.69,0.30
2023-01-23 14:09:40.043,1.70,2.04,0.29
2023-01-23 14:09:40.452,1.70,2.04,0.28
2023-01-23 14:09:40.861,1.70,1.94,0.27
2023-01-23 14:09:41.252,1.70,1.78,0.27
2023-01-23 14:09:41.658,1.70,1.78,0.27
2023-01-23 14:09:42.064,1.70,1.91,0.26
2023-01-23 14:09:42.470,1.70,2.03,0.25
2023-01-23 14:09:42.863,1.70,1.60,0.26
2023-01-23 14:09:43.270,1.70,2.03,0.25
2023-01-23 14:09:43.677,1.70,1.79,0.24
2023-01-23 14:09:44.069,1.70,2.07,0.24
2023-01-23 14:09:44.475,1.70,2.06,0.23
2023-01-23 14:09:44.881,1.70,1.80,0.22
2023-01-23 14:09:45.287,1.70,1.54,0.23
2023-01-23 14:09:45.678,1.70,2.17,0.22
2023-01-23 14:09:46.084,1.70,1.82,0.21
2023-01-23 14:09:46.491,1.70,1.66,0.21
2023-01-23 14:09:46.897,1.70,1.84,0.20
2023-01-23 14:09:47.288,1.70,1.84,0.20
2023-01-23 14:09:47.695,1.70,1.77,0.20
2023-01-23 14:09:48.101,1.70,1.98,0.19
2023-01-23 14:09:48.492,1.70,1.75,0.19
2023-01-23 14:09:48.899,1.70,1.86,0.18
2023-01-23 14:09:49.305,1.70,1.90,0.17
2023-01-23 14:09:49.711,1.70,1.79,0.16
2023-01-23 14:09:50.102,1.70,1.53,0.17
2023-01-23 14:09:50.508,1.70,1.50,0.18
2023-01-23 14:09:50.915,1.70,1.77,0.18
2023-01-23 14:09:51.321,1.70,1.45,0.19
2023-01-23 14:09:51.712,1.70,1.87,0.18
2023-01-23 14:09:52.119,1.70,1.74,0.18
2023-01-23 14:09:52.525,1.70,1.87,0.17
2023-01-23 14:09:52.932,1.70,1.47,0.18
2023-01-23 14:09:53.325,1.70,1.72,0.18
2023-01-23 14:09:53.732,1.70,1.51,0.19
2023-01-23 14:09:54.136,1.70,1.82,0.18
2023-01-23 14:09:54.543,1.70,1.68,0.18
2023-01-23 14:09:54.934,1.70,1.99,0.17
2023-01-23 14:09:55.341,1.70,1.66,0.17
2023-01-23 14:09:55.747,1.70,1.70,0.17
2023-01-23 14:09:56.139,1.70,1.89,0.16
2023-01-23 14:09:56.547,1.70,1.85,0.16
2023-01-23 14:09:56.953,1.70,1.79,0.15
2023-01-23 14:09:57.360,1.70,1.62,0.16
2023-01-23 14:09:57.752,1.70,1.65,0.16
2023-01-23 14:09:58.158,1.70,1.81,0.15
2023-01-23 14:09:58.565,1.70,1.72,0.15
2023-01-23 14:09:58.955,1.70,1.43,0.16
2023-01-23 14:09:59.362,1.70,1.48,0.16
2023-01-23 14:09:59.769,1.70,1.62,0.17
2023-01-23 14:10:00.176,1.70,1.59,0.18
2023-01-23 14:10:00.567,1.70,2.02,0.17
2023-01-23 14:10:00.974,1.70,1.98,0.16
2023-01-23 14:10:01.380,1.70,1.72,0.16
2023-01-23 14:10:01.786,1.70,1.52,0.17
2023-01-23 14:10:02.178,1.70,1.72,0.17
2023-01-23 14:10:02.584,1.70,1.82,0.16
2023-01-23 14:10:02.991,1.70,1.81,0.16
2023-01-23 14:10:03.382,1.70,1.72,0.16
2023-01-23 14:10:03.789,1.70,1.83,0.15
2023-01-23 14:10:04.196,1.70,1.54,0.16
2023-01-23 14:10:04.603,1.70,1.86,0.15
2023-01-23 14:10:04.994,1.70,1.67,0.15
2023-01-23 14:10:05.401,1.70,1.48,0.16
2023-01-23 14:10:05.807,1.70,1.55,0.16
2023-01-23 14:10:06.198,1.70,1.62,0.17
2023-01-23 14:10:06.605,1.70,1.56,0.18
2023-01-23 14:10:07.011,1.70,1.92,0.17
2023-01-23 14:10:07.418,1.70,1.79,0.16
2023-01-23 14:10:07.809,1.70,1.75,0.16
2023-01-23 14:10:08.216,1.70,1.62,0.16
2023-01-23 14:10:08.622,1.70,1.64,0.16
2023-01-23 14:10:09.028,1.70,1.65,0.16
2023-01-23 14:10:09.419,1.70,1.56,0.17
2023-01-23 14:10:09.827,1.70,2.04,0.16
2023-01-23 14:10:10.234,1.70,1.89,0.16
2023-01-23 14:10:10.625,1.70,2.02,0.15
2023-01-23 14:10:11.031,1.70,1.67,0.15
2023-01-23 14:10:11.437,1.70,1.82,0.14
2023-01-23 14:10:11.843,1.70,1.39,0.15
2023-01-23 14:10:12.250,1.70,1.72,0.15
2023-01-23 14:10:12.641,1.70,1.50,0.16
2023-01-23 14:10:13.050,1.70,1.45,0.16
2023-01-23 14:10:13.442,1.70,1.49,0.17
2023-01-23 14:10:13.850,1.70,1.73,0.17
2023-01-23 14:10:14.257,1.70,1.87,0.16
2023-01-23 14:10:14.649,1.70,1.60,0.17
2023-01-23 14:10:15.056,1.70,1.77,0.17
2023-01-23 14:10:15.463,1.70,1.40,0.18
2023-01-23 14:10:15.869,1.70,1.85,0.17
2023-01-23 14:10:16.260,1.70,1.73,0.17
2023-01-23 14:10:16.667,1.70,1.61,0.18
2023-01-23 14:10:17.075,1.70,1.97,0.17
2023-01-23 14:10:17.480,1.70,1.66,0.17
2023-01-23 14:10:17.870,1.70,1.47,0.18
2023-01-23 14:10:18.277,1.70,1.86,0.17
2023-01-23 14:10:18.685,1.70,1.65,0.17
2023-01-23 14:10:19.091,1.70,1.42,0.18
2023-01-23 14:10:19.482,1.70,1.74,0.18
2023-01-23 14:10:19.888,1.70,1.60,0.19
2023-01-23 14:10:20.296,1.70,2.10,0.18
2023-01-23 14:10:20.686,1.70,1.74,0.18
2023-01-23 14:10:21.093,1.70,1.98,0.17
2023-01-23 14:10:21.500,1.70,1.68,0.17
2023-01-23 14:10:21.907,1.70,1.79,0.16
2023-01-23 14:10:22.298,1.70,1.93,0.16
2023-01-23 14:10:22.704,1.70,1.51,0.16
2023-01-23 14:10:23.111,1.70,1.31,0.17
2023-01-23 14:10:24.366,1.70,1.24,0.18
2023-01-23 14:10:24.366,1.70,1.28,0.19
2023-01-23 14:10:24.366,1.70,1.27,0.20
2023-01-23 14:10:24.714,1.70,1.23,0.20
2023-01-23 14:10:25.120,1.70,1.33,0.21
2023-01-23 14:10:25.528,1.70,1.20,0.22
2023-01-23 14:10:25.919,1.70,1.24,0.23
2023-01-23 14:10:26.327,1.70,1.31,0.24
2023-01-23 14:10:26.733,1.70,1.30,0.24
2023-01-23 14:10:27.125,1.70,1.25,0.25
2023-01-23 14:10:27.533,1.70,1.31,0.26
2023-01-23 14:10:28.112,1.70,1.30,0.27
2023-01-23 14:10:28.346,1.70,1.38,0.27
2023-01-23 14:10:28.738,1.70,1.55,0.28
2023-01-23 14:10:29.144,1.70,1.48,0.29
2023-01-23 14:10:29.552,1.70,1.66,0.29
2023-01-23 14:10:29.943,1.70,1.64,0.29
2023-01-23 14:10:30.350,1.70,1.42,0.30
2023-01-23 14:10:30.758,1.70,1.45,0.31
2023-01-23 14:10:31.149,1.70,1.54,0.31
2023-01-23 14:10:31.556,1.70,1.48,0.32
2023-01-23 14:10:31.964,1.70,1.61,0.33
2023-01-23 14:10:32.371,1.70,1.54,0.34
2023-01-23 14:10:32.762,1.70,1.70,0.34
2023-01-23 14:10:33.174,1.70,1.59,0.35
2023-01-23 14:10:33.577,1.70,1.48,0.35
2023-01-23 14:10:33.980,1.70,1.52,0.36
2023-01-23 14:10:34.371,1.70,1.52,0.37
2023-01-23 14:10:34.780,1.70,1.55,0.38
2023-01-23 14:10:35.186,1.70,1.61,0.38
2023-01-23 14:10:35.577,1.70,1.79,0.38
2023-01-23 14:10:35.985,1.70,1.55,0.38
2023-01-23 14:10:36.391,1.70,1.60,0.39
2023-01-23 14:10:36.797,1.70,1.63,0.39
2023-01-23 14:10:37.189,1.70,1.56,0.40
2023-01-23 14:10:37.595,1.70,1.64,0.40
2023-01-23 14:10:38.002,1.70,1.60,0.41
2023-01-23 14:10:38.393,1.70,1.60,0.42
2023-01-23 14:10:38.800,1.70,1.77,0.42
2023-01-23 14:10:39.207,1.70,1.66,0.42
2023-01-23 14:10:39.614,1.70,1.69,0.42
2023-01-23 14:10:40.007,1.70,1.60,0.42
2023-01-23 14:10:40.413,1.70,1.52,0.43
2023-01-23 14:10:40.821,1.70,1.53,0.44
2023-01-23 14:10:41.211,1.70,1.66,0.44
2023-01-23 14:10:41.620,1.70,1.68,0.44
2023-01-23 14:10:42.027,1.70,1.73,0.44
2023-01-23 14:10:42.418,1.70,1.52,0.45
2023-01-23 14:10:42.825,1.70,1.74,0.45
2023-01-23 14:10:43.233,1.70,1.59,0.45
2023-01-23 14:10:43.625,1.70,1.64,0.45
2023-01-23 14:10:44.033,1.70,1.61,0.46
2023-01-23 14:10:44.440,1.70,1.66,0.46
2023-01-23 14:10:44.831,1.70,1.79,0.45
2023-01-23 14:10:45.238,1.70,1.65,0.45
2023-01-23 14:10:45.645,1.70,1.58,0.46
2023-01-23 14:10:46.053,1.70,1.63,0.46
2023-01-23 14:10:46.443,1.70,1.67,0.46
2023-01-23 14:10:46.850,1.70,1.56,0.47
2023-01-23 14:10:47.257,1.70,1.61,0.48
2023-01-23 14:10:47.649,1.70,1.73,0.48
2023-01-23 14:10:48.055,1.70,1.79,0.47
2023-01-23 14:10:48.462,1.70,1.63,0.47
2023-01-23 14:10:48.870,1.70,1.73,0.47
2023-01-23 14:10:49.261,1.70,1.50,0.48
2023-01-23 14:10:49.669,1.70,1.68,0.48
2023-01-23 14:10:50.076,1.70,1.67,0.48
2023-01-23 14:10:50.467,1.70,1.51,0.49
2023-01-23 14:10:50.875,1.70,1.64,0.49
2023-01-23 14:10:51.281,1.70,1.82,0.48
2023-01-23 14:10:51.672,1.70,1.63,0.48
2023-01-23 14:10:52.080,1.70,1.63,0.48
2023-01-23 14:10:52.488,1.70,1.56,0.49
2023-01-23 14:10:52.880,1.70,1.66,0.49
2023-01-23 14:10:53.289,1.70,1.53,0.49
2023-01-23 14:10:53.699,1.70,1.53,0.50
2023-01-23 14:10:54.090,1.70,1.59,0.51
2023-01-23 14:10:54.529,1.70,1.84,0.50
2023-01-23 14:10:54.906,1.70,1.73,0.50
2023-01-23 14:10:55.298,1.70,1.58,0.51
2023-01-23 14:10:55.706,1.70,1.56,0.52
2023-01-23 14:10:56.113,1.70,1.66,0.52
2023-01-23 14:10:56.504,1.70,1.68,0.52
2023-01-23 14:10:56.913,1.70,1.65,0.52
2023-01-23 14:10:57.318,1.70,1.70,0.52
2023-01-23 14:10:57.709,1.70,1.70,0.52
2023-01-23 14:10:58.117,1.70,1.61,0.53
2023-01-23 14:10:58.524,1.70,1.78,0.52
2023-01-23 14:10:58.916,1.70,1.60,0.53
2023-01-23 14:10:59.323,1.70,1.59,0.53
2023-01-23 14:10:59.731,1.70,1.57,0.54
2023-01-23 14:11:00.122,1.70,1.76,0.54
2023-01-23 14:11:00.529,1.70,1.75,0.54
2023-01-23 14:11:00.936,1.70,1.66,0.54
2023-01-23 14:11:01.343,1.70,1.73,0.54
2023-01-23 14:11:01.736,1.70,1.79,0.53
2023-01-23 14:11:02.140,1.70,1.58,0.54
2023-01-23 14:11:02.547,1.70,1.54,0.55
2023-01-23 14:11:02.939,1.70,1.57,0.56
2023-01-23 14:11:03.357,1.70,1.76,0.56
2023-01-23 14:11:03.755,1.70,1.73,0.56
2023-01-23 14:11:04.156,1.70,1.77,0.56
2023-01-23 14:11:04.564,1.70,1.68,0.56
2023-01-23 14:11:04.956,1.70,1.64,0.56
2023-01-23 14:11:05.362,1.70,1.48,0.56
2023-01-23 14:11:05.769,1.70,1.70,0.56
2023-01-23 14:11:06.161,1.70,1.80,0.56
2023-01-23 14:11:06.568,1.70,1.74,0.56
2023-01-23 14:11:06.976,1.70,1.73,0.56
2023-01-23 14:11:07.367,1.70,1.66,0.56
2023-01-23 14:11:07.774,1.70,1.51,0.56
2023-01-23 14:11:08.181,1.70,1.65,0.56
2023-01-23 14:11:08.587,1.70,1.62,0.56
2023-01-23 14:11:08.981,1.70,1.70,0.56
2023-01-23 14:11:09.385,1.70,1.48,0.57
2023-01-23 14:11:09.793,1.70,1.77,0.57
2023-01-23 14:11:10.184,1.70,1.70,0.57
2023-01-23 14:11:10.591,1.70,1.69,0.57
2023-01-23 14:11:10.997,1.70,1.62,0.57
2023-01-23 14:11:11.404,1.70,1.75,0.57
2023-01-23 14:11:11.798,1.70,1.72,0.57
2023-01-23 14:11:12.204,1.70,1.70,0.57
2023-01-23 14:11:12.610,1.70,1.70,0.57
2023-01-23 14:11:13.000,1.70,1.82,0.56
2023-01-23 14:11:13.409,1.70,1.81,0.56
2023-01-23 14:11:13.819,1.70,1.60,0.56
2023-01-23 14:11:14.211,1.70,1.70,0.56
2023-01-23 14:11:14.618,1.70,1.58,0.57
2023-01-23 14:11:15.025,1.70,1.64,0.57
2023-01-23 14:11:15.419,1.70,1.62,0.57
2023-01-23 14:11:15.824,1.70,1.70,0.57
2023-01-23 14:11:16.233,1.70,1.73,0.57
2023-01-23 14:11:16.623,1.70,1.66,0.57
2023-01-23 14:11:17.030,1.70,1.64,0.57
2023-01-23 14:11:17.438,1.70,1.64,0.57
2023-01-23 14:11:17.829,1.70,1.54,0.58
2023-01-23 14:11:18.235,1.70,1.62,0.59
2023-01-23 14:11:18.642,1.70,1.69,0.59
2023-01-23 14:11:19.048,1.70,1.77,0.59
2023-01-23 14:11:19.439,1.70,1.73,0.59
2023-01-23 14:11:19.846,1.70,1.64,0.59
2023-01-23 14:11:20.252,1.70,1.68,0.59
2023-01-23 14:11:20.659,1.70,1.68,0.59
2023-01-23 14:11:21.051,1.70,1.44,0.60
2023-01-23 14:11:21.459,1.70,1.79,0.59
2023-01-23 14:11:21.865,1.70,1.65,0.59
2023-01-23 14:11:22.255,1.70,1.76,0.59
2023-01-23 14:11:22.662,1.70,1.69,0.59
2023-01-23 14:11:24.277,1.70,1.60,0.60
2023-01-23 14:11:24.277,1.70,1.66,0.60
2023-01-23 14:11:24.277,1.70,1.54,0.60
2023-01-23 14:11:24.311,1.70,1.65,0.60
2023-01-23 14:11:24.679,1.70,1.57,0.61
2023-01-23 14:11:25.347,1.70,1.88,0.60
2023-01-23 14:11:25.489,1.70,1.76,0.60
2023-01-23 14:11:25.882,1.70,1.64,0.60
2023-01-23 14:11:26.291,1.70,1.64,0.60
2023-01-23 14:11:26.684,1.70,1.68,0.60
2023-01-23 14:11:27.093,1.70,1.73,0.60
2023-01-23 14:11:27.501,1.70,1.40,0.61
2023-01-23 14:11:27.893,1.70,1.05,0.62
2023-01-23 14:11:28.301,1.70,0.85,0.63
2023-01-23 14:11:28.709,1.70,0.98,0.64
2023-01-23 14:11:29.100,1.70,0.50,0.64
2023-01-23 14:11:29.636,1.70,0.21,0.65
2023-01-23 14:11:30.041,1.70,-0.03,0.66
2023-01-23 14:11:30.308,1.70,-0.10,0.67
2023-01-23 14:11:30.719,1.70,-0.03,0.67
2023-01-23 14:11:31.108,1.70,0.00,0.68
2023-01-23 14:11:31.516,1.70,-0.10,0.69
2023-01-23 14:11:31.924,1.70,-0.10,0.70
2023-01-23 14:11:32.331,1.70,-0.10,0.71
2023-01-23 14:11:32.723,1.70,-0.03,0.71
2023-01-23 14:11:33.132,1.70,-0.10,0.72
2023-01-23 14:11:33.527,1.70,-0.10,0.73
2023-01-23 14:11:33.939,1.70,-0.03,0.74
2023-01-23 14:11:34.332,1.70,1.34,0.75
